{
    "accuracy": 0.9979665071770335,
    "macro_precision": 0.9825857787260668,
    "macro_recall": 0.8649257035221698,
    "macro_f1": 0.9060303709679989
}