{
    "accuracy": 0.9987480438184664,
    "precision_weighted": 0.9987500262346269,
    "recall_weighted": 0.9987480438184664,
    "f1_weighted": 0.9987487597407583
}