{
    "accuracy": 0.9968701095461658,
    "precision_weighted": 0.9968790152391761,
    "recall_weighted": 0.9968701095461658,
    "f1_weighted": 0.9968739369888977
}