{
    "accuracy": 0.996326042378674,
    "macro_precision": 0.9848336889389357,
    "macro_recall": 0.9208519422864723,
    "macro_f1": 0.9454742541867338
}